{
    "timestamp" : 1715420282064,
    "context" : {
      "external_urls" : {
        "spotify" : "https://open.spotify.com/collection/tracks"
      },
      "href" : "https://api.spotify.com/v1/me/tracks",
      "type" : "collection",
      "uri" : "spotify:user:3qm5ketwsonko1w9q3wtqtkpn:collection"
    },
    "progress_ms" : 2313,
    "item" : {
      "album" : {
        "album_type" : "compilation",
        "artists" : [ {
          "external_urls" : {
            "spotify" : "https://open.spotify.com/artist/0LyfQWJT6nXafLPZqxe9Of"
          },
          "href" : "https://api.spotify.com/v1/artists/0LyfQWJT6nXafLPZqxe9Of",
          "id" : "0LyfQWJT6nXafLPZqxe9Of",
          "name" : "Various Artists",
          "type" : "artist",
          "uri" : "spotify:artist:0LyfQWJT6nXafLPZqxe9Of"
        } ],
        "available_markets" : [ "AR", "AU", "AT", "BE", "BO", "BR", "BG", "CA", "CL", "CO", "CR", "CY", "CZ", "DK", "DO", "DE", "EC", "EE", "SV", "FI", "FR", "GR", "GT", "HN", "HK", "HU", "IS", "IE", "IT", "LV", "LT", "LU", "MY", "MT", "MX", "NL", "NZ", "NI", "NO", "PA", "PY", "PE", "PH", "PL", "PT", "SG", "SK", "ES", "SE", "CH", "TW", "TR", "UY", "US", "GB", "AD", "LI", "MC", "ID", "JP", "TH", "VN", "RO", "IL", "ZA", "SA", "AE", "BH", "QA", "OM", "KW", "EG", "MA", "DZ", "TN", "LB", "JO", "PS", "BY", "KZ", "MD", "UA", "AL", "BA", "HR", "ME", "MK", "RS", "SI", "KR", "BD", "PK", "LK", "GH", "KE", "NG", "TZ", "UG", "AG", "AM", "BS", "BB", "BZ", "BT", "BW", "BF", "CV", "CW", "DM", "FJ", "GM", "GE", "GD", "GW", "GY", "HT", "JM", "KI", "LS", "LR", "MW", "MV", "ML", "MH", "FM", "NA", "NR", "NE", "PW", "PG", "PR", "WS", "SM", "ST", "SN", "SC", "SL", "SB", "KN", "LC", "VC", "SR", "TL", "TO", "TT", "TV", "VU", "AZ", "BN", "BI", "KH", "CM", "TD", "KM", "GQ", "SZ", "GA", "GN", "KG", "LA", "MO", "MR", "MN", "NP", "RW", "TG", "UZ", "ZW", "BJ", "MG", "MU", "MZ", "AO", "CI", "DJ", "ZM", "CD", "CG", "IQ", "LY", "TJ", "VE", "ET", "XK" ],
        "external_urls" : {
          "spotify" : "https://open.spotify.com/album/1BbK1fKw0xg1HK3G0zVNTW"
        },
        "href" : "https://api.spotify.com/v1/albums/1BbK1fKw0xg1HK3G0zVNTW",
        "id" : "1BbK1fKw0xg1HK3G0zVNTW",
        "images" : [ {
          "height" : 640,
          "url" : "https://i.scdn.co/image/ab67616d0000b273c27e997313531dbc7b01b247",
          "width" : 640
        }, {
          "height" : 300,
          "url" : "https://i.scdn.co/image/ab67616d00001e02c27e997313531dbc7b01b247",
          "width" : 300
        }, {
          "height" : 64,
          "url" : "https://i.scdn.co/image/ab67616d00004851c27e997313531dbc7b01b247",
          "width" : 64
        } ],
        "name" : "SUPER EUROBEAT presents INITIAL D  〜D SELECTION〜",
        "release_date" : "1998-07-29",
        "release_date_precision" : "day",
        "total_tracks" : 15,
        "type" : "album",
        "uri" : "spotify:album:1BbK1fKw0xg1HK3G0zVNTW"
      },
      "artists" : [ {
        "external_urls" : {
          "spotify" : "https://open.spotify.com/artist/4aFf48VQYRT631OJGgVwUv"
        },
        "href" : "https://api.spotify.com/v1/artists/4aFf48VQYRT631OJGgVwUv",
        "id" : "4aFf48VQYRT631OJGgVwUv",
        "name" : "Max Coveri",
        "type" : "artist",
        "uri" : "spotify:artist:4aFf48VQYRT631OJGgVwUv"
      } ],
      "available_markets" : [ "AR", "AU", "AT", "BE", "BO", "BR", "BG", "CA", "CL", "CO", "CR", "CY", "CZ", "DK", "DO", "DE", "EC", "EE", "SV", "FI", "FR", "GR", "GT", "HN", "HK", "HU", "IS", "IE", "IT", "LV", "LT", "LU", "MY", "MT", "MX", "NL", "NZ", "NI", "NO", "PA", "PY", "PE", "PH", "PL", "PT", "SG", "SK", "ES", "SE", "CH", "TW", "TR", "UY", "US", "GB", "AD", "LI", "MC", "ID", "JP", "TH", "VN", "RO", "IL", "ZA", "SA", "AE", "BH", "QA", "OM", "KW", "EG", "MA", "DZ", "TN", "LB", "JO", "PS", "BY", "KZ", "MD", "UA", "AL", "BA", "HR", "ME", "MK", "RS", "SI", "KR", "BD", "PK", "LK", "GH", "KE", "NG", "TZ", "UG", "AG", "AM", "BS", "BB", "BZ", "BT", "BW", "BF", "CV", "CW", "DM", "FJ", "GM", "GE", "GD", "GW", "GY", "HT", "JM", "KI", "LS", "LR", "MW", "MV", "ML", "MH", "FM", "NA", "NR", "NE", "PW", "PG", "PR", "WS", "SM", "ST", "SN", "SC", "SL", "SB", "KN", "LC", "VC", "SR", "TL", "TO", "TT", "TV", "VU", "AZ", "BN", "BI", "KH", "CM", "TD", "KM", "GQ", "SZ", "GA", "GN", "KG", "LA", "MO", "MR", "MN", "NP", "RW", "TG", "UZ", "ZW", "BJ", "MG", "MU", "MZ", "AO", "CI", "DJ", "ZM", "CD", "CG", "IQ", "LY", "TJ", "VE", "ET", "XK" ],
      "disc_number" : 1,
      "duration_ms" : 283833,
      "explicit" : false,
      "external_ids" : {
        "isrc" : "ITB119700121"
      },
      "external_urls" : {
        "spotify" : "https://open.spotify.com/track/6DlPa2rrVK3BygXJ48WYo3"
      },
      "href" : "https://api.spotify.com/v1/tracks/6DlPa2rrVK3BygXJ48WYo3",
      "id" : "6DlPa2rrVK3BygXJ48WYo3",
      "is_local" : false,
      "name" : "RUNNING IN THE 90'S",
      "popularity" : 63,
      "preview_url" : "https://p.scdn.co/mp3-preview/92d4a2ebbc49bbdd5ff8bc9570b4eda5be907015?cid=e1f9592de80943fa876b6d2bed2f82b3",
      "track_number" : 9,
      "type" : "track",
      "uri" : "spotify:track:6DlPa2rrVK3BygXJ48WYo3" 
    },
    "currently_playing_type" : "track",
    "actions" : {
      "disallows" : {
        "pausing" : true,
        "skipping_prev" : true
      }
    },
    "is_playing" : false
  }