{
    "boost": {
        "sounds": [
            "miniglide/boost"
        ]
    },
    "crash": {
        "sounds": [
            "miniglide/death1",
            "miniglide/death2",
            "miniglide/death3",
            "miniglide/death4"
        ]
    },
    "humid_boost": 
    {
        "sounds": [
            "miniglide/humid_boost"
        ]
    },
    "finish_line_1st":
    {
        "sounds": [
            "miniglide/finish_line_1st"
        ]
    },
    "finish_line_2nd":
    {
        "sounds": [
            "miniglide/finish_line_2nd"
        ]
    },
    "finish_line_3rd":
    {
        "sounds": [
            "miniglide/finish_line_3rd"
        ]
    },
    "winner": {
        "sounds": [
            "miniglide/winner"
        ]
    },
    "finish_line": {
        "sounds": [
            "miniglide/finish_line"
        ]
    },
    "checkpoint": {
        "sounds": [
            "miniglide/checkpoint"
        ]
    },
    "respawn": {
        "sounds": [
            "miniglide/respawn"
        ]
    },
    "start": {
        "sounds": [
            "miniglide/cd_zero"
        ]
    }
}